-- Supabase Demo Seed Script

-- 1. Create auth.users and public.users
INSERT INTO auth.users (instance_id, id, aud, role, email, encrypted_password, email_confirmed_at, recovery_sent_at, last_sign_in_at, raw_app_meta_data, raw_user_meta_data, created_at, updated_at, confirmation_token, email_change, email_change_token_new, recovery_token) VALUES ('00000000-0000-0000-0000-000000000000', '5a46f80d-62a5-46ee-a28e-288f07f3993e', 'authenticated', 'authenticated', 'user5a46f80d@demo.com', '', now(), now(), now(), '{}', '{}', now(), now(), '', '', '', '') ON CONFLICT (id) DO NOTHING;
INSERT INTO public.users (id, full_name, phone, mno_provider, status, avatar_url, email) VALUES ('5a46f80d-62a5-46ee-a28e-288f07f3993e', 'Demo User 1', '+237696907854', 'MTN', 'active', 'https://api.dicebear.com/7.x/avataaars/svg?seed=5a46f80d-62a5-46ee-a28e-288f07f3993e', 'user5a46f80d@demo.com') ON CONFLICT (id) DO NOTHING;
INSERT INTO auth.users (instance_id, id, aud, role, email, encrypted_password, email_confirmed_at, recovery_sent_at, last_sign_in_at, raw_app_meta_data, raw_user_meta_data, created_at, updated_at, confirmation_token, email_change, email_change_token_new, recovery_token) VALUES ('00000000-0000-0000-0000-000000000000', '8f592348-1ac0-4a4b-84d7-3a55bf7c9f53', 'authenticated', 'authenticated', 'user8f592348@demo.com', '', now(), now(), now(), '{}', '{}', now(), now(), '', '', '', '') ON CONFLICT (id) DO NOTHING;
INSERT INTO public.users (id, full_name, phone, mno_provider, status, avatar_url, email) VALUES ('8f592348-1ac0-4a4b-84d7-3a55bf7c9f53', 'Demo User 2', '+237674026746', 'MTN', 'active', 'https://api.dicebear.com/7.x/avataaars/svg?seed=8f592348-1ac0-4a4b-84d7-3a55bf7c9f53', 'user8f592348@demo.com') ON CONFLICT (id) DO NOTHING;
INSERT INTO auth.users (instance_id, id, aud, role, email, encrypted_password, email_confirmed_at, recovery_sent_at, last_sign_in_at, raw_app_meta_data, raw_user_meta_data, created_at, updated_at, confirmation_token, email_change, email_change_token_new, recovery_token) VALUES ('00000000-0000-0000-0000-000000000000', '911922d1-e1b0-4d2f-983f-a58dd5aaab58', 'authenticated', 'authenticated', 'user911922d1@demo.com', '', now(), now(), now(), '{}', '{}', now(), now(), '', '', '', '') ON CONFLICT (id) DO NOTHING;
INSERT INTO public.users (id, full_name, phone, mno_provider, status, avatar_url, email) VALUES ('911922d1-e1b0-4d2f-983f-a58dd5aaab58', 'Demo User 3', '+237672940175', 'MTN', 'active', 'https://api.dicebear.com/7.x/avataaars/svg?seed=911922d1-e1b0-4d2f-983f-a58dd5aaab58', 'user911922d1@demo.com') ON CONFLICT (id) DO NOTHING;
INSERT INTO auth.users (instance_id, id, aud, role, email, encrypted_password, email_confirmed_at, recovery_sent_at, last_sign_in_at, raw_app_meta_data, raw_user_meta_data, created_at, updated_at, confirmation_token, email_change, email_change_token_new, recovery_token) VALUES ('00000000-0000-0000-0000-000000000000', 'f41ce660-a8da-4e2a-bd68-07cacfd418b3', 'authenticated', 'authenticated', 'userf41ce660@demo.com', '', now(), now(), now(), '{}', '{}', now(), now(), '', '', '', '') ON CONFLICT (id) DO NOTHING;
INSERT INTO public.users (id, full_name, phone, mno_provider, status, avatar_url, email) VALUES ('f41ce660-a8da-4e2a-bd68-07cacfd418b3', 'Demo User 4', '+237688906492', 'MTN', 'active', 'https://api.dicebear.com/7.x/avataaars/svg?seed=f41ce660-a8da-4e2a-bd68-07cacfd418b3', 'userf41ce660@demo.com') ON CONFLICT (id) DO NOTHING;
INSERT INTO auth.users (instance_id, id, aud, role, email, encrypted_password, email_confirmed_at, recovery_sent_at, last_sign_in_at, raw_app_meta_data, raw_user_meta_data, created_at, updated_at, confirmation_token, email_change, email_change_token_new, recovery_token) VALUES ('00000000-0000-0000-0000-000000000000', '7f4beb59-eba6-471c-8b49-8e53122d4fbf', 'authenticated', 'authenticated', 'user7f4beb59@demo.com', '', now(), now(), now(), '{}', '{}', now(), now(), '', '', '', '') ON CONFLICT (id) DO NOTHING;
INSERT INTO public.users (id, full_name, phone, mno_provider, status, avatar_url, email) VALUES ('7f4beb59-eba6-471c-8b49-8e53122d4fbf', 'Demo User 5', '+237696845461', 'MTN', 'active', 'https://api.dicebear.com/7.x/avataaars/svg?seed=7f4beb59-eba6-471c-8b49-8e53122d4fbf', 'user7f4beb59@demo.com') ON CONFLICT (id) DO NOTHING;
INSERT INTO auth.users (instance_id, id, aud, role, email, encrypted_password, email_confirmed_at, recovery_sent_at, last_sign_in_at, raw_app_meta_data, raw_user_meta_data, created_at, updated_at, confirmation_token, email_change, email_change_token_new, recovery_token) VALUES ('00000000-0000-0000-0000-000000000000', 'b81c3d6a-58b4-4187-be45-7d3649e7b1d9', 'authenticated', 'authenticated', 'userb81c3d6a@demo.com', '', now(), now(), now(), '{}', '{}', now(), now(), '', '', '', '') ON CONFLICT (id) DO NOTHING;
INSERT INTO public.users (id, full_name, phone, mno_provider, status, avatar_url, email) VALUES ('b81c3d6a-58b4-4187-be45-7d3649e7b1d9', 'Demo User 6', '+237691537924', 'MTN', 'active', 'https://api.dicebear.com/7.x/avataaars/svg?seed=b81c3d6a-58b4-4187-be45-7d3649e7b1d9', 'userb81c3d6a@demo.com') ON CONFLICT (id) DO NOTHING;
INSERT INTO auth.users (instance_id, id, aud, role, email, encrypted_password, email_confirmed_at, recovery_sent_at, last_sign_in_at, raw_app_meta_data, raw_user_meta_data, created_at, updated_at, confirmation_token, email_change, email_change_token_new, recovery_token) VALUES ('00000000-0000-0000-0000-000000000000', '1b2d005b-3b06-4c95-983a-1df55c33aaba', 'authenticated', 'authenticated', 'user1b2d005b@demo.com', '', now(), now(), now(), '{}', '{}', now(), now(), '', '', '', '') ON CONFLICT (id) DO NOTHING;
INSERT INTO public.users (id, full_name, phone, mno_provider, status, avatar_url, email) VALUES ('1b2d005b-3b06-4c95-983a-1df55c33aaba', 'Demo User 7', '+237694894730', 'MTN', 'active', 'https://api.dicebear.com/7.x/avataaars/svg?seed=1b2d005b-3b06-4c95-983a-1df55c33aaba', 'user1b2d005b@demo.com') ON CONFLICT (id) DO NOTHING;
INSERT INTO auth.users (instance_id, id, aud, role, email, encrypted_password, email_confirmed_at, recovery_sent_at, last_sign_in_at, raw_app_meta_data, raw_user_meta_data, created_at, updated_at, confirmation_token, email_change, email_change_token_new, recovery_token) VALUES ('00000000-0000-0000-0000-000000000000', '1bf36d0a-921c-4068-adf8-01d0dde318cd', 'authenticated', 'authenticated', 'user1bf36d0a@demo.com', '', now(), now(), now(), '{}', '{}', now(), now(), '', '', '', '') ON CONFLICT (id) DO NOTHING;
INSERT INTO public.users (id, full_name, phone, mno_provider, status, avatar_url, email) VALUES ('1bf36d0a-921c-4068-adf8-01d0dde318cd', 'Demo User 8', '+237690672957', 'MTN', 'active', 'https://api.dicebear.com/7.x/avataaars/svg?seed=1bf36d0a-921c-4068-adf8-01d0dde318cd', 'user1bf36d0a@demo.com') ON CONFLICT (id) DO NOTHING;
INSERT INTO auth.users (instance_id, id, aud, role, email, encrypted_password, email_confirmed_at, recovery_sent_at, last_sign_in_at, raw_app_meta_data, raw_user_meta_data, created_at, updated_at, confirmation_token, email_change, email_change_token_new, recovery_token) VALUES ('00000000-0000-0000-0000-000000000000', '236598f8-1503-400d-b0ac-de74b31e9df9', 'authenticated', 'authenticated', 'user236598f8@demo.com', '', now(), now(), now(), '{}', '{}', now(), now(), '', '', '', '') ON CONFLICT (id) DO NOTHING;
INSERT INTO public.users (id, full_name, phone, mno_provider, status, avatar_url, email) VALUES ('236598f8-1503-400d-b0ac-de74b31e9df9', 'Demo User 9', '+237688042323', 'MTN', 'active', 'https://api.dicebear.com/7.x/avataaars/svg?seed=236598f8-1503-400d-b0ac-de74b31e9df9', 'user236598f8@demo.com') ON CONFLICT (id) DO NOTHING;
INSERT INTO auth.users (instance_id, id, aud, role, email, encrypted_password, email_confirmed_at, recovery_sent_at, last_sign_in_at, raw_app_meta_data, raw_user_meta_data, created_at, updated_at, confirmation_token, email_change, email_change_token_new, recovery_token) VALUES ('00000000-0000-0000-0000-000000000000', '33cb548e-3509-43f2-a454-a9b9732defb2', 'authenticated', 'authenticated', 'user33cb548e@demo.com', '', now(), now(), now(), '{}', '{}', now(), now(), '', '', '', '') ON CONFLICT (id) DO NOTHING;
INSERT INTO public.users (id, full_name, phone, mno_provider, status, avatar_url, email) VALUES ('33cb548e-3509-43f2-a454-a9b9732defb2', 'Demo User 10', '+237681846675', 'MTN', 'active', 'https://api.dicebear.com/7.x/avataaars/svg?seed=33cb548e-3509-43f2-a454-a9b9732defb2', 'user33cb548e@demo.com') ON CONFLICT (id) DO NOTHING;
INSERT INTO auth.users (instance_id, id, aud, role, email, encrypted_password, email_confirmed_at, recovery_sent_at, last_sign_in_at, raw_app_meta_data, raw_user_meta_data, created_at, updated_at, confirmation_token, email_change, email_change_token_new, recovery_token) VALUES ('00000000-0000-0000-0000-000000000000', '559b8228-8cee-4b61-bc69-0ed1de0d4360', 'authenticated', 'authenticated', 'user559b8228@demo.com', '', now(), now(), now(), '{}', '{}', now(), now(), '', '', '', '') ON CONFLICT (id) DO NOTHING;
INSERT INTO public.users (id, full_name, phone, mno_provider, status, avatar_url, email) VALUES ('559b8228-8cee-4b61-bc69-0ed1de0d4360', 'Demo User 11', '+237675733094', 'MTN', 'active', 'https://api.dicebear.com/7.x/avataaars/svg?seed=559b8228-8cee-4b61-bc69-0ed1de0d4360', 'user559b8228@demo.com') ON CONFLICT (id) DO NOTHING;
INSERT INTO auth.users (instance_id, id, aud, role, email, encrypted_password, email_confirmed_at, recovery_sent_at, last_sign_in_at, raw_app_meta_data, raw_user_meta_data, created_at, updated_at, confirmation_token, email_change, email_change_token_new, recovery_token) VALUES ('00000000-0000-0000-0000-000000000000', 'ad39c244-2256-44b4-bac9-9230b3db2c5d', 'authenticated', 'authenticated', 'userad39c244@demo.com', '', now(), now(), now(), '{}', '{}', now(), now(), '', '', '', '') ON CONFLICT (id) DO NOTHING;
INSERT INTO public.users (id, full_name, phone, mno_provider, status, avatar_url, email) VALUES ('ad39c244-2256-44b4-bac9-9230b3db2c5d', 'Demo User 12', '+237682365091', 'MTN', 'active', 'https://api.dicebear.com/7.x/avataaars/svg?seed=ad39c244-2256-44b4-bac9-9230b3db2c5d', 'userad39c244@demo.com') ON CONFLICT (id) DO NOTHING;
INSERT INTO auth.users (instance_id, id, aud, role, email, encrypted_password, email_confirmed_at, recovery_sent_at, last_sign_in_at, raw_app_meta_data, raw_user_meta_data, created_at, updated_at, confirmation_token, email_change, email_change_token_new, recovery_token) VALUES ('00000000-0000-0000-0000-000000000000', '82947ad2-399e-4c75-a493-dd528f76efff', 'authenticated', 'authenticated', 'user82947ad2@demo.com', '', now(), now(), now(), '{}', '{}', now(), now(), '', '', '', '') ON CONFLICT (id) DO NOTHING;
INSERT INTO public.users (id, full_name, phone, mno_provider, status, avatar_url, email) VALUES ('82947ad2-399e-4c75-a493-dd528f76efff', 'Demo User 13', '+237680615035', 'MTN', 'active', 'https://api.dicebear.com/7.x/avataaars/svg?seed=82947ad2-399e-4c75-a493-dd528f76efff', 'user82947ad2@demo.com') ON CONFLICT (id) DO NOTHING;
INSERT INTO auth.users (instance_id, id, aud, role, email, encrypted_password, email_confirmed_at, recovery_sent_at, last_sign_in_at, raw_app_meta_data, raw_user_meta_data, created_at, updated_at, confirmation_token, email_change, email_change_token_new, recovery_token) VALUES ('00000000-0000-0000-0000-000000000000', 'f1af30b5-857b-4f8d-8377-6b8a3a9d5683', 'authenticated', 'authenticated', 'userf1af30b5@demo.com', '', now(), now(), now(), '{}', '{}', now(), now(), '', '', '', '') ON CONFLICT (id) DO NOTHING;
INSERT INTO public.users (id, full_name, phone, mno_provider, status, avatar_url, email) VALUES ('f1af30b5-857b-4f8d-8377-6b8a3a9d5683', 'Demo User 14', '+237675774305', 'MTN', 'active', 'https://api.dicebear.com/7.x/avataaars/svg?seed=f1af30b5-857b-4f8d-8377-6b8a3a9d5683', 'userf1af30b5@demo.com') ON CONFLICT (id) DO NOTHING;
INSERT INTO auth.users (instance_id, id, aud, role, email, encrypted_password, email_confirmed_at, recovery_sent_at, last_sign_in_at, raw_app_meta_data, raw_user_meta_data, created_at, updated_at, confirmation_token, email_change, email_change_token_new, recovery_token) VALUES ('00000000-0000-0000-0000-000000000000', '9ce3a1f6-f240-401f-858b-e3c222e310af', 'authenticated', 'authenticated', 'user9ce3a1f6@demo.com', '', now(), now(), now(), '{}', '{}', now(), now(), '', '', '', '') ON CONFLICT (id) DO NOTHING;
INSERT INTO public.users (id, full_name, phone, mno_provider, status, avatar_url, email) VALUES ('9ce3a1f6-f240-401f-858b-e3c222e310af', 'Demo User 15', '+237681417786', 'MTN', 'active', 'https://api.dicebear.com/7.x/avataaars/svg?seed=9ce3a1f6-f240-401f-858b-e3c222e310af', 'user9ce3a1f6@demo.com') ON CONFLICT (id) DO NOTHING;
INSERT INTO auth.users (instance_id, id, aud, role, email, encrypted_password, email_confirmed_at, recovery_sent_at, last_sign_in_at, raw_app_meta_data, raw_user_meta_data, created_at, updated_at, confirmation_token, email_change, email_change_token_new, recovery_token) VALUES ('00000000-0000-0000-0000-000000000000', 'c686c686-0182-4835-a923-3c00a1105b7e', 'authenticated', 'authenticated', 'userc686c686@demo.com', '', now(), now(), now(), '{}', '{}', now(), now(), '', '', '', '') ON CONFLICT (id) DO NOTHING;
INSERT INTO public.users (id, full_name, phone, mno_provider, status, avatar_url, email) VALUES ('c686c686-0182-4835-a923-3c00a1105b7e', 'Demo User 16', '+237680511880', 'MTN', 'active', 'https://api.dicebear.com/7.x/avataaars/svg?seed=c686c686-0182-4835-a923-3c00a1105b7e', 'userc686c686@demo.com') ON CONFLICT (id) DO NOTHING;
INSERT INTO auth.users (instance_id, id, aud, role, email, encrypted_password, email_confirmed_at, recovery_sent_at, last_sign_in_at, raw_app_meta_data, raw_user_meta_data, created_at, updated_at, confirmation_token, email_change, email_change_token_new, recovery_token) VALUES ('00000000-0000-0000-0000-000000000000', '55f257b2-316d-476a-946a-978f1b58adbb', 'authenticated', 'authenticated', 'user55f257b2@demo.com', '', now(), now(), now(), '{}', '{}', now(), now(), '', '', '', '') ON CONFLICT (id) DO NOTHING;
INSERT INTO public.users (id, full_name, phone, mno_provider, status, avatar_url, email) VALUES ('55f257b2-316d-476a-946a-978f1b58adbb', 'Demo User 17', '+237681093990', 'MTN', 'active', 'https://api.dicebear.com/7.x/avataaars/svg?seed=55f257b2-316d-476a-946a-978f1b58adbb', 'user55f257b2@demo.com') ON CONFLICT (id) DO NOTHING;
INSERT INTO auth.users (instance_id, id, aud, role, email, encrypted_password, email_confirmed_at, recovery_sent_at, last_sign_in_at, raw_app_meta_data, raw_user_meta_data, created_at, updated_at, confirmation_token, email_change, email_change_token_new, recovery_token) VALUES ('00000000-0000-0000-0000-000000000000', 'c60f0860-a4ec-4bf4-b64f-09edaf5d8629', 'authenticated', 'authenticated', 'userc60f0860@demo.com', '', now(), now(), now(), '{}', '{}', now(), now(), '', '', '', '') ON CONFLICT (id) DO NOTHING;
INSERT INTO public.users (id, full_name, phone, mno_provider, status, avatar_url, email) VALUES ('c60f0860-a4ec-4bf4-b64f-09edaf5d8629', 'Demo User 18', '+237670193761', 'MTN', 'active', 'https://api.dicebear.com/7.x/avataaars/svg?seed=c60f0860-a4ec-4bf4-b64f-09edaf5d8629', 'userc60f0860@demo.com') ON CONFLICT (id) DO NOTHING;
INSERT INTO auth.users (instance_id, id, aud, role, email, encrypted_password, email_confirmed_at, recovery_sent_at, last_sign_in_at, raw_app_meta_data, raw_user_meta_data, created_at, updated_at, confirmation_token, email_change, email_change_token_new, recovery_token) VALUES ('00000000-0000-0000-0000-000000000000', '9cbe9844-7add-43fc-a5b2-103f9f844638', 'authenticated', 'authenticated', 'user9cbe9844@demo.com', '', now(), now(), now(), '{}', '{}', now(), now(), '', '', '', '') ON CONFLICT (id) DO NOTHING;
INSERT INTO public.users (id, full_name, phone, mno_provider, status, avatar_url, email) VALUES ('9cbe9844-7add-43fc-a5b2-103f9f844638', 'Demo User 19', '+237698929406', 'MTN', 'active', 'https://api.dicebear.com/7.x/avataaars/svg?seed=9cbe9844-7add-43fc-a5b2-103f9f844638', 'user9cbe9844@demo.com') ON CONFLICT (id) DO NOTHING;
INSERT INTO auth.users (instance_id, id, aud, role, email, encrypted_password, email_confirmed_at, recovery_sent_at, last_sign_in_at, raw_app_meta_data, raw_user_meta_data, created_at, updated_at, confirmation_token, email_change, email_change_token_new, recovery_token) VALUES ('00000000-0000-0000-0000-000000000000', '81a12cf3-d412-46ee-b10d-d2a68629458c', 'authenticated', 'authenticated', 'user81a12cf3@demo.com', '', now(), now(), now(), '{}', '{}', now(), now(), '', '', '', '') ON CONFLICT (id) DO NOTHING;
INSERT INTO public.users (id, full_name, phone, mno_provider, status, avatar_url, email) VALUES ('81a12cf3-d412-46ee-b10d-d2a68629458c', 'Demo User 20', '+237670669304', 'MTN', 'active', 'https://api.dicebear.com/7.x/avataaars/svg?seed=81a12cf3-d412-46ee-b10d-d2a68629458c', 'user81a12cf3@demo.com') ON CONFLICT (id) DO NOTHING;
INSERT INTO auth.users (instance_id, id, aud, role, email, encrypted_password, email_confirmed_at, recovery_sent_at, last_sign_in_at, raw_app_meta_data, raw_user_meta_data, created_at, updated_at, confirmation_token, email_change, email_change_token_new, recovery_token) VALUES ('00000000-0000-0000-0000-000000000000', '325f5966-cc55-4ccc-9334-9456da5a20ee', 'authenticated', 'authenticated', 'user325f5966@demo.com', '', now(), now(), now(), '{}', '{}', now(), now(), '', '', '', '') ON CONFLICT (id) DO NOTHING;
INSERT INTO public.users (id, full_name, phone, mno_provider, status, avatar_url, email) VALUES ('325f5966-cc55-4ccc-9334-9456da5a20ee', 'Demo User 21', '+237691223305', 'MTN', 'active', 'https://api.dicebear.com/7.x/avataaars/svg?seed=325f5966-cc55-4ccc-9334-9456da5a20ee', 'user325f5966@demo.com') ON CONFLICT (id) DO NOTHING;
INSERT INTO auth.users (instance_id, id, aud, role, email, encrypted_password, email_confirmed_at, recovery_sent_at, last_sign_in_at, raw_app_meta_data, raw_user_meta_data, created_at, updated_at, confirmation_token, email_change, email_change_token_new, recovery_token) VALUES ('00000000-0000-0000-0000-000000000000', '9349dee4-62ed-4c59-ae57-f91c3e64ace5', 'authenticated', 'authenticated', 'user9349dee4@demo.com', '', now(), now(), now(), '{}', '{}', now(), now(), '', '', '', '') ON CONFLICT (id) DO NOTHING;
INSERT INTO public.users (id, full_name, phone, mno_provider, status, avatar_url, email) VALUES ('9349dee4-62ed-4c59-ae57-f91c3e64ace5', 'Demo User 22', '+237692190910', 'MTN', 'active', 'https://api.dicebear.com/7.x/avataaars/svg?seed=9349dee4-62ed-4c59-ae57-f91c3e64ace5', 'user9349dee4@demo.com') ON CONFLICT (id) DO NOTHING;
INSERT INTO auth.users (instance_id, id, aud, role, email, encrypted_password, email_confirmed_at, recovery_sent_at, last_sign_in_at, raw_app_meta_data, raw_user_meta_data, created_at, updated_at, confirmation_token, email_change, email_change_token_new, recovery_token) VALUES ('00000000-0000-0000-0000-000000000000', '566f8602-9ec1-4843-803a-796334f61ab3', 'authenticated', 'authenticated', 'user566f8602@demo.com', '', now(), now(), now(), '{}', '{}', now(), now(), '', '', '', '') ON CONFLICT (id) DO NOTHING;
INSERT INTO public.users (id, full_name, phone, mno_provider, status, avatar_url, email) VALUES ('566f8602-9ec1-4843-803a-796334f61ab3', 'Demo User 23', '+237678533815', 'MTN', 'active', 'https://api.dicebear.com/7.x/avataaars/svg?seed=566f8602-9ec1-4843-803a-796334f61ab3', 'user566f8602@demo.com') ON CONFLICT (id) DO NOTHING;
INSERT INTO auth.users (instance_id, id, aud, role, email, encrypted_password, email_confirmed_at, recovery_sent_at, last_sign_in_at, raw_app_meta_data, raw_user_meta_data, created_at, updated_at, confirmation_token, email_change, email_change_token_new, recovery_token) VALUES ('00000000-0000-0000-0000-000000000000', '429c3755-2f4c-4346-be50-8fe1b55c5337', 'authenticated', 'authenticated', 'user429c3755@demo.com', '', now(), now(), now(), '{}', '{}', now(), now(), '', '', '', '') ON CONFLICT (id) DO NOTHING;
INSERT INTO public.users (id, full_name, phone, mno_provider, status, avatar_url, email) VALUES ('429c3755-2f4c-4346-be50-8fe1b55c5337', 'Demo User 24', '+237677118601', 'MTN', 'active', 'https://api.dicebear.com/7.x/avataaars/svg?seed=429c3755-2f4c-4346-be50-8fe1b55c5337', 'user429c3755@demo.com') ON CONFLICT (id) DO NOTHING;
INSERT INTO auth.users (instance_id, id, aud, role, email, encrypted_password, email_confirmed_at, recovery_sent_at, last_sign_in_at, raw_app_meta_data, raw_user_meta_data, created_at, updated_at, confirmation_token, email_change, email_change_token_new, recovery_token) VALUES ('00000000-0000-0000-0000-000000000000', '2ca3ed42-9704-46f2-b69d-54ac74563e4c', 'authenticated', 'authenticated', 'user2ca3ed42@demo.com', '', now(), now(), now(), '{}', '{}', now(), now(), '', '', '', '') ON CONFLICT (id) DO NOTHING;
INSERT INTO public.users (id, full_name, phone, mno_provider, status, avatar_url, email) VALUES ('2ca3ed42-9704-46f2-b69d-54ac74563e4c', 'Demo User 25', '+237682117716', 'MTN', 'active', 'https://api.dicebear.com/7.x/avataaars/svg?seed=2ca3ed42-9704-46f2-b69d-54ac74563e4c', 'user2ca3ed42@demo.com') ON CONFLICT (id) DO NOTHING;

-- 2. Create wallets for users
INSERT INTO public.wallets (user_id, balance) VALUES ('5a46f80d-62a5-46ee-a28e-288f07f3993e', 1000000) ON CONFLICT (user_id) DO NOTHING;
INSERT INTO public.wallets (user_id, balance) VALUES ('8f592348-1ac0-4a4b-84d7-3a55bf7c9f53', 1000000) ON CONFLICT (user_id) DO NOTHING;
INSERT INTO public.wallets (user_id, balance) VALUES ('911922d1-e1b0-4d2f-983f-a58dd5aaab58', 1000000) ON CONFLICT (user_id) DO NOTHING;
INSERT INTO public.wallets (user_id, balance) VALUES ('f41ce660-a8da-4e2a-bd68-07cacfd418b3', 1000000) ON CONFLICT (user_id) DO NOTHING;
INSERT INTO public.wallets (user_id, balance) VALUES ('7f4beb59-eba6-471c-8b49-8e53122d4fbf', 1000000) ON CONFLICT (user_id) DO NOTHING;
INSERT INTO public.wallets (user_id, balance) VALUES ('b81c3d6a-58b4-4187-be45-7d3649e7b1d9', 1000000) ON CONFLICT (user_id) DO NOTHING;
INSERT INTO public.wallets (user_id, balance) VALUES ('1b2d005b-3b06-4c95-983a-1df55c33aaba', 1000000) ON CONFLICT (user_id) DO NOTHING;
INSERT INTO public.wallets (user_id, balance) VALUES ('1bf36d0a-921c-4068-adf8-01d0dde318cd', 1000000) ON CONFLICT (user_id) DO NOTHING;
INSERT INTO public.wallets (user_id, balance) VALUES ('236598f8-1503-400d-b0ac-de74b31e9df9', 1000000) ON CONFLICT (user_id) DO NOTHING;
INSERT INTO public.wallets (user_id, balance) VALUES ('33cb548e-3509-43f2-a454-a9b9732defb2', 1000000) ON CONFLICT (user_id) DO NOTHING;
INSERT INTO public.wallets (user_id, balance) VALUES ('559b8228-8cee-4b61-bc69-0ed1de0d4360', 1000000) ON CONFLICT (user_id) DO NOTHING;
INSERT INTO public.wallets (user_id, balance) VALUES ('ad39c244-2256-44b4-bac9-9230b3db2c5d', 1000000) ON CONFLICT (user_id) DO NOTHING;
INSERT INTO public.wallets (user_id, balance) VALUES ('82947ad2-399e-4c75-a493-dd528f76efff', 1000000) ON CONFLICT (user_id) DO NOTHING;
INSERT INTO public.wallets (user_id, balance) VALUES ('f1af30b5-857b-4f8d-8377-6b8a3a9d5683', 1000000) ON CONFLICT (user_id) DO NOTHING;
INSERT INTO public.wallets (user_id, balance) VALUES ('9ce3a1f6-f240-401f-858b-e3c222e310af', 1000000) ON CONFLICT (user_id) DO NOTHING;
INSERT INTO public.wallets (user_id, balance) VALUES ('c686c686-0182-4835-a923-3c00a1105b7e', 1000000) ON CONFLICT (user_id) DO NOTHING;
INSERT INTO public.wallets (user_id, balance) VALUES ('55f257b2-316d-476a-946a-978f1b58adbb', 1000000) ON CONFLICT (user_id) DO NOTHING;
INSERT INTO public.wallets (user_id, balance) VALUES ('c60f0860-a4ec-4bf4-b64f-09edaf5d8629', 1000000) ON CONFLICT (user_id) DO NOTHING;
INSERT INTO public.wallets (user_id, balance) VALUES ('9cbe9844-7add-43fc-a5b2-103f9f844638', 1000000) ON CONFLICT (user_id) DO NOTHING;
INSERT INTO public.wallets (user_id, balance) VALUES ('81a12cf3-d412-46ee-b10d-d2a68629458c', 1000000) ON CONFLICT (user_id) DO NOTHING;
INSERT INTO public.wallets (user_id, balance) VALUES ('325f5966-cc55-4ccc-9334-9456da5a20ee', 1000000) ON CONFLICT (user_id) DO NOTHING;
INSERT INTO public.wallets (user_id, balance) VALUES ('9349dee4-62ed-4c59-ae57-f91c3e64ace5', 1000000) ON CONFLICT (user_id) DO NOTHING;
INSERT INTO public.wallets (user_id, balance) VALUES ('566f8602-9ec1-4843-803a-796334f61ab3', 1000000) ON CONFLICT (user_id) DO NOTHING;
INSERT INTO public.wallets (user_id, balance) VALUES ('429c3755-2f4c-4346-be50-8fe1b55c5337', 1000000) ON CONFLICT (user_id) DO NOTHING;
INSERT INTO public.wallets (user_id, balance) VALUES ('2ca3ed42-9704-46f2-b69d-54ac74563e4c', 1000000) ON CONFLICT (user_id) DO NOTHING;

-- 3. Create Circles
INSERT INTO public.circles (id, name, circle_type, target_amount, contribution_amount, frequency, visibility, max_members, invite_code, created_by) VALUES ('3e2fc9c1-c531-49a1-918c-025296e6cd80', 'My Macbook Fund', 'solo', 1000000, 50000, 'monthly', 'private', 1, '289710', '5a46f80d-62a5-46ee-a28e-288f07f3993e');
INSERT INTO public.circles (id, name, circle_type, target_amount, contribution_amount, frequency, visibility, max_members, invite_code, created_by) VALUES ('7ba5289c-4df9-4aac-ac70-ef5935b1a157', 'Family Vacation', 'pool', 2000000, 25000, 'weekly', 'public', 10, 'A3F9F3', '8f592348-1ac0-4a4b-84d7-3a55bf7c9f53');
INSERT INTO public.circles (id, name, circle_type, target_amount, contribution_amount, frequency, visibility, max_members, invite_code, created_by, commitment_deposit_percentage) VALUES ('e7d8057b-ff5f-4928-9038-8c2f979a9718', 'Dschang Alumni Njangi', 'rotation', 0, 50000, 'monthly', 'private', 25, '5797A8', 'b81c3d6a-58b4-4187-be45-7d3649e7b1d9', 15);

-- 4. Create Circle Members
INSERT INTO public.circle_members (circle_id, user_id, role, member_status) VALUES ('3e2fc9c1-c531-49a1-918c-025296e6cd80', '5a46f80d-62a5-46ee-a28e-288f07f3993e', 'admin', 'active');
INSERT INTO public.circle_members (circle_id, user_id, role, member_status) VALUES ('7ba5289c-4df9-4aac-ac70-ef5935b1a157', '8f592348-1ac0-4a4b-84d7-3a55bf7c9f53', 'admin', 'active');
INSERT INTO public.circle_members (circle_id, user_id, role, member_status) VALUES ('7ba5289c-4df9-4aac-ac70-ef5935b1a157', '911922d1-e1b0-4d2f-983f-a58dd5aaab58', 'member', 'active');
INSERT INTO public.circle_members (circle_id, user_id, role, member_status) VALUES ('7ba5289c-4df9-4aac-ac70-ef5935b1a157', 'f41ce660-a8da-4e2a-bd68-07cacfd418b3', 'member', 'active');
INSERT INTO public.circle_members (circle_id, user_id, role, member_status) VALUES ('7ba5289c-4df9-4aac-ac70-ef5935b1a157', '7f4beb59-eba6-471c-8b49-8e53122d4fbf', 'member', 'active');
INSERT INTO public.circle_members (circle_id, user_id, role, member_status, rotation_order, commitment_deposit) VALUES ('e7d8057b-ff5f-4928-9038-8c2f979a9718', 'b81c3d6a-58b4-4187-be45-7d3649e7b1d9', 'admin', 'active', 1, 7500);
INSERT INTO public.circle_members (circle_id, user_id, role, member_status, rotation_order, commitment_deposit) VALUES ('e7d8057b-ff5f-4928-9038-8c2f979a9718', '5a46f80d-62a5-46ee-a28e-288f07f3993e', 'member', 'active', 2, 7500);
INSERT INTO public.circle_members (circle_id, user_id, role, member_status, rotation_order, commitment_deposit) VALUES ('e7d8057b-ff5f-4928-9038-8c2f979a9718', '8f592348-1ac0-4a4b-84d7-3a55bf7c9f53', 'member', 'active', 3, 7500);
INSERT INTO public.circle_members (circle_id, user_id, role, member_status, rotation_order, commitment_deposit) VALUES ('e7d8057b-ff5f-4928-9038-8c2f979a9718', '911922d1-e1b0-4d2f-983f-a58dd5aaab58', 'member', 'active', 4, 7500);
INSERT INTO public.circle_members (circle_id, user_id, role, member_status, rotation_order, commitment_deposit) VALUES ('e7d8057b-ff5f-4928-9038-8c2f979a9718', 'f41ce660-a8da-4e2a-bd68-07cacfd418b3', 'member', 'active', 5, 7500);
INSERT INTO public.circle_members (circle_id, user_id, role, member_status, rotation_order, commitment_deposit) VALUES ('e7d8057b-ff5f-4928-9038-8c2f979a9718', '7f4beb59-eba6-471c-8b49-8e53122d4fbf', 'member', 'active', 6, 7500);
INSERT INTO public.circle_members (circle_id, user_id, role, member_status, rotation_order, commitment_deposit) VALUES ('e7d8057b-ff5f-4928-9038-8c2f979a9718', '1b2d005b-3b06-4c95-983a-1df55c33aaba', 'member', 'active', 7, 7500);
INSERT INTO public.circle_members (circle_id, user_id, role, member_status, rotation_order, commitment_deposit) VALUES ('e7d8057b-ff5f-4928-9038-8c2f979a9718', '1bf36d0a-921c-4068-adf8-01d0dde318cd', 'member', 'active', 8, 7500);
INSERT INTO public.circle_members (circle_id, user_id, role, member_status, rotation_order, commitment_deposit) VALUES ('e7d8057b-ff5f-4928-9038-8c2f979a9718', '236598f8-1503-400d-b0ac-de74b31e9df9', 'member', 'active', 9, 7500);
INSERT INTO public.circle_members (circle_id, user_id, role, member_status, rotation_order, commitment_deposit) VALUES ('e7d8057b-ff5f-4928-9038-8c2f979a9718', '33cb548e-3509-43f2-a454-a9b9732defb2', 'member', 'active', 10, 7500);
INSERT INTO public.circle_members (circle_id, user_id, role, member_status, rotation_order, commitment_deposit) VALUES ('e7d8057b-ff5f-4928-9038-8c2f979a9718', '559b8228-8cee-4b61-bc69-0ed1de0d4360', 'member', 'active', 11, 7500);
INSERT INTO public.circle_members (circle_id, user_id, role, member_status, rotation_order, commitment_deposit) VALUES ('e7d8057b-ff5f-4928-9038-8c2f979a9718', 'ad39c244-2256-44b4-bac9-9230b3db2c5d', 'member', 'active', 12, 7500);
INSERT INTO public.circle_members (circle_id, user_id, role, member_status, rotation_order, commitment_deposit) VALUES ('e7d8057b-ff5f-4928-9038-8c2f979a9718', '82947ad2-399e-4c75-a493-dd528f76efff', 'member', 'active', 13, 7500);
INSERT INTO public.circle_members (circle_id, user_id, role, member_status, rotation_order, commitment_deposit) VALUES ('e7d8057b-ff5f-4928-9038-8c2f979a9718', 'f1af30b5-857b-4f8d-8377-6b8a3a9d5683', 'member', 'active', 14, 7500);
INSERT INTO public.circle_members (circle_id, user_id, role, member_status, rotation_order, commitment_deposit) VALUES ('e7d8057b-ff5f-4928-9038-8c2f979a9718', '9ce3a1f6-f240-401f-858b-e3c222e310af', 'member', 'active', 15, 7500);
INSERT INTO public.circle_members (circle_id, user_id, role, member_status, rotation_order, commitment_deposit) VALUES ('e7d8057b-ff5f-4928-9038-8c2f979a9718', 'c686c686-0182-4835-a923-3c00a1105b7e', 'member', 'active', 16, 7500);
INSERT INTO public.circle_members (circle_id, user_id, role, member_status, rotation_order, commitment_deposit) VALUES ('e7d8057b-ff5f-4928-9038-8c2f979a9718', '55f257b2-316d-476a-946a-978f1b58adbb', 'member', 'active', 17, 7500);
INSERT INTO public.circle_members (circle_id, user_id, role, member_status, rotation_order, commitment_deposit) VALUES ('e7d8057b-ff5f-4928-9038-8c2f979a9718', 'c60f0860-a4ec-4bf4-b64f-09edaf5d8629', 'member', 'active', 18, 7500);
INSERT INTO public.circle_members (circle_id, user_id, role, member_status, rotation_order, commitment_deposit) VALUES ('e7d8057b-ff5f-4928-9038-8c2f979a9718', '9cbe9844-7add-43fc-a5b2-103f9f844638', 'member', 'active', 19, 7500);
INSERT INTO public.circle_members (circle_id, user_id, role, member_status, rotation_order, commitment_deposit) VALUES ('e7d8057b-ff5f-4928-9038-8c2f979a9718', '81a12cf3-d412-46ee-b10d-d2a68629458c', 'member', 'active', 20, 7500);
INSERT INTO public.circle_members (circle_id, user_id, role, member_status, rotation_order, commitment_deposit) VALUES ('e7d8057b-ff5f-4928-9038-8c2f979a9718', '325f5966-cc55-4ccc-9334-9456da5a20ee', 'member', 'active', 21, 7500);
INSERT INTO public.circle_members (circle_id, user_id, role, member_status, rotation_order, commitment_deposit) VALUES ('e7d8057b-ff5f-4928-9038-8c2f979a9718', '9349dee4-62ed-4c59-ae57-f91c3e64ace5', 'member', 'active', 22, 7500);
INSERT INTO public.circle_members (circle_id, user_id, role, member_status, rotation_order, commitment_deposit) VALUES ('e7d8057b-ff5f-4928-9038-8c2f979a9718', '566f8602-9ec1-4843-803a-796334f61ab3', 'member', 'active', 23, 7500);
INSERT INTO public.circle_members (circle_id, user_id, role, member_status, rotation_order, commitment_deposit) VALUES ('e7d8057b-ff5f-4928-9038-8c2f979a9718', '429c3755-2f4c-4346-be50-8fe1b55c5337', 'member', 'active', 24, 7500);
INSERT INTO public.circle_members (circle_id, user_id, role, member_status, rotation_order, commitment_deposit) VALUES ('e7d8057b-ff5f-4928-9038-8c2f979a9718', '2ca3ed42-9704-46f2-b69d-54ac74563e4c', 'member', 'active', 25, 7500);

-- 5. Simulate Rotation Workflow (Round 1)
INSERT INTO public.contributions (circle_id, user_id, amount, status, cycle_number, reference) VALUES ('e7d8057b-ff5f-4928-9038-8c2f979a9718', '5a46f80d-62a5-46ee-a28e-288f07f3993e', 7500, 'successful', 0, '0f8ef4d9-4a1a-4db8-8c8a-b72274aa4206');
INSERT INTO public.contributions (circle_id, user_id, amount, status, cycle_number, reference) VALUES ('e7d8057b-ff5f-4928-9038-8c2f979a9718', '8f592348-1ac0-4a4b-84d7-3a55bf7c9f53', 7500, 'successful', 0, '5dc780b5-dcc8-488d-9f99-a54a2e3cb018');
INSERT INTO public.contributions (circle_id, user_id, amount, status, cycle_number, reference) VALUES ('e7d8057b-ff5f-4928-9038-8c2f979a9718', '911922d1-e1b0-4d2f-983f-a58dd5aaab58', 7500, 'successful', 0, '731f6f63-cebc-4e02-816d-3e8b9bbcf437');
INSERT INTO public.contributions (circle_id, user_id, amount, status, cycle_number, reference) VALUES ('e7d8057b-ff5f-4928-9038-8c2f979a9718', 'f41ce660-a8da-4e2a-bd68-07cacfd418b3', 7500, 'successful', 0, 'b0a2a09a-ca0c-4826-afbd-58f019aa3a89');
INSERT INTO public.contributions (circle_id, user_id, amount, status, cycle_number, reference) VALUES ('e7d8057b-ff5f-4928-9038-8c2f979a9718', '7f4beb59-eba6-471c-8b49-8e53122d4fbf', 7500, 'successful', 0, '537b368f-70ea-4033-93c2-2a9b6038905a');
INSERT INTO public.contributions (circle_id, user_id, amount, status, cycle_number, reference) VALUES ('e7d8057b-ff5f-4928-9038-8c2f979a9718', 'b81c3d6a-58b4-4187-be45-7d3649e7b1d9', 7500, 'successful', 0, '10999b2d-c6c6-4f23-b9cc-34c941f68cd4');
INSERT INTO public.contributions (circle_id, user_id, amount, status, cycle_number, reference) VALUES ('e7d8057b-ff5f-4928-9038-8c2f979a9718', '1b2d005b-3b06-4c95-983a-1df55c33aaba', 7500, 'successful', 0, '8d504e94-eae6-4bd8-8056-280c135cd3ff');
INSERT INTO public.contributions (circle_id, user_id, amount, status, cycle_number, reference) VALUES ('e7d8057b-ff5f-4928-9038-8c2f979a9718', '1bf36d0a-921c-4068-adf8-01d0dde318cd', 7500, 'successful', 0, 'cd6a25ab-83bd-498d-aa87-2fc627b19331');
INSERT INTO public.contributions (circle_id, user_id, amount, status, cycle_number, reference) VALUES ('e7d8057b-ff5f-4928-9038-8c2f979a9718', '236598f8-1503-400d-b0ac-de74b31e9df9', 7500, 'successful', 0, '30497142-a86b-4205-8f0e-8d5dcbc03900');
INSERT INTO public.contributions (circle_id, user_id, amount, status, cycle_number, reference) VALUES ('e7d8057b-ff5f-4928-9038-8c2f979a9718', '33cb548e-3509-43f2-a454-a9b9732defb2', 7500, 'successful', 0, 'eea1a9d4-eabd-45e1-b318-4a8eef9989b7');
INSERT INTO public.contributions (circle_id, user_id, amount, status, cycle_number, reference) VALUES ('e7d8057b-ff5f-4928-9038-8c2f979a9718', '559b8228-8cee-4b61-bc69-0ed1de0d4360', 7500, 'successful', 0, '9783eec4-d33d-4718-9ff7-120641d359bb');
INSERT INTO public.contributions (circle_id, user_id, amount, status, cycle_number, reference) VALUES ('e7d8057b-ff5f-4928-9038-8c2f979a9718', 'ad39c244-2256-44b4-bac9-9230b3db2c5d', 7500, 'successful', 0, 'b960b8b7-e01d-43e0-bd0e-3644bac42802');
INSERT INTO public.contributions (circle_id, user_id, amount, status, cycle_number, reference) VALUES ('e7d8057b-ff5f-4928-9038-8c2f979a9718', '82947ad2-399e-4c75-a493-dd528f76efff', 7500, 'successful', 0, 'c6d55944-0930-4b02-a2aa-ee12be8f224e');
INSERT INTO public.contributions (circle_id, user_id, amount, status, cycle_number, reference) VALUES ('e7d8057b-ff5f-4928-9038-8c2f979a9718', 'f1af30b5-857b-4f8d-8377-6b8a3a9d5683', 7500, 'successful', 0, 'a8d48903-c3c4-44c7-91d0-9dc19b35c77c');
INSERT INTO public.contributions (circle_id, user_id, amount, status, cycle_number, reference) VALUES ('e7d8057b-ff5f-4928-9038-8c2f979a9718', '9ce3a1f6-f240-401f-858b-e3c222e310af', 7500, 'successful', 0, '07717ee4-d990-4deb-a66e-a722d0a34c1e');
INSERT INTO public.contributions (circle_id, user_id, amount, status, cycle_number, reference) VALUES ('e7d8057b-ff5f-4928-9038-8c2f979a9718', 'c686c686-0182-4835-a923-3c00a1105b7e', 7500, 'successful', 0, 'fe454907-9e23-4f65-b3cb-57b204419515');
INSERT INTO public.contributions (circle_id, user_id, amount, status, cycle_number, reference) VALUES ('e7d8057b-ff5f-4928-9038-8c2f979a9718', '55f257b2-316d-476a-946a-978f1b58adbb', 7500, 'successful', 0, 'eeb9ccac-e953-4055-965b-21266bd79e55');
INSERT INTO public.contributions (circle_id, user_id, amount, status, cycle_number, reference) VALUES ('e7d8057b-ff5f-4928-9038-8c2f979a9718', 'c60f0860-a4ec-4bf4-b64f-09edaf5d8629', 7500, 'successful', 0, '8eeab57a-7b19-4cf1-9cd9-bef5fdc2a378');
INSERT INTO public.contributions (circle_id, user_id, amount, status, cycle_number, reference) VALUES ('e7d8057b-ff5f-4928-9038-8c2f979a9718', '9cbe9844-7add-43fc-a5b2-103f9f844638', 7500, 'successful', 0, '578f3f97-987a-4e53-9793-2a4129c5eaa3');
INSERT INTO public.contributions (circle_id, user_id, amount, status, cycle_number, reference) VALUES ('e7d8057b-ff5f-4928-9038-8c2f979a9718', '81a12cf3-d412-46ee-b10d-d2a68629458c', 7500, 'successful', 0, 'ee0aa92a-78b1-492b-bb13-db9ce9cbb5db');
INSERT INTO public.contributions (circle_id, user_id, amount, status, cycle_number, reference) VALUES ('e7d8057b-ff5f-4928-9038-8c2f979a9718', '325f5966-cc55-4ccc-9334-9456da5a20ee', 7500, 'successful', 0, '74f7f554-fe18-42c2-9251-ebfb6401c2cc');
INSERT INTO public.contributions (circle_id, user_id, amount, status, cycle_number, reference) VALUES ('e7d8057b-ff5f-4928-9038-8c2f979a9718', '9349dee4-62ed-4c59-ae57-f91c3e64ace5', 7500, 'successful', 0, '0a0ec234-5248-435f-8c50-68b236540606');
INSERT INTO public.contributions (circle_id, user_id, amount, status, cycle_number, reference) VALUES ('e7d8057b-ff5f-4928-9038-8c2f979a9718', '566f8602-9ec1-4843-803a-796334f61ab3', 7500, 'successful', 0, '70d293b6-216d-437e-9e6b-042ed44918da');
INSERT INTO public.contributions (circle_id, user_id, amount, status, cycle_number, reference) VALUES ('e7d8057b-ff5f-4928-9038-8c2f979a9718', '429c3755-2f4c-4346-be50-8fe1b55c5337', 7500, 'successful', 0, '4219fd1c-f607-4539-b647-8990d7f41995');
INSERT INTO public.contributions (circle_id, user_id, amount, status, cycle_number, reference) VALUES ('e7d8057b-ff5f-4928-9038-8c2f979a9718', '2ca3ed42-9704-46f2-b69d-54ac74563e4c', 7500, 'successful', 0, '246bef93-f9c0-4cdf-97c3-6b4c029bca4f');
INSERT INTO public.contributions (circle_id, user_id, amount, status, cycle_number, reference) VALUES ('e7d8057b-ff5f-4928-9038-8c2f979a9718', '5a46f80d-62a5-46ee-a28e-288f07f3993e', 50000, 'successful', 1, 'e8e05c09-200a-438d-abd4-93287e9a886c');
INSERT INTO public.contributions (circle_id, user_id, amount, status, cycle_number, reference) VALUES ('e7d8057b-ff5f-4928-9038-8c2f979a9718', '8f592348-1ac0-4a4b-84d7-3a55bf7c9f53', 50000, 'successful', 1, 'e7b84948-8ad5-4e98-9651-e7befc76e118');
INSERT INTO public.contributions (circle_id, user_id, amount, status, cycle_number, reference) VALUES ('e7d8057b-ff5f-4928-9038-8c2f979a9718', '911922d1-e1b0-4d2f-983f-a58dd5aaab58', 50000, 'successful', 1, 'ecfa564d-65d3-43ef-8e46-fde6e7edc146');
INSERT INTO public.contributions (circle_id, user_id, amount, status, cycle_number, reference) VALUES ('e7d8057b-ff5f-4928-9038-8c2f979a9718', 'f41ce660-a8da-4e2a-bd68-07cacfd418b3', 50000, 'successful', 1, 'e099f1bd-cbac-4bb0-911e-f4bef2430795');
INSERT INTO public.contributions (circle_id, user_id, amount, status, cycle_number, reference) VALUES ('e7d8057b-ff5f-4928-9038-8c2f979a9718', '7f4beb59-eba6-471c-8b49-8e53122d4fbf', 50000, 'successful', 1, '0f5422bc-841e-4a7e-b9f4-d947a4dde875');
INSERT INTO public.contributions (circle_id, user_id, amount, status, cycle_number, reference) VALUES ('e7d8057b-ff5f-4928-9038-8c2f979a9718', 'b81c3d6a-58b4-4187-be45-7d3649e7b1d9', 50000, 'successful', 1, '8442bc57-ce0c-4f33-b615-f655a21a2e97');
INSERT INTO public.contributions (circle_id, user_id, amount, status, cycle_number, reference) VALUES ('e7d8057b-ff5f-4928-9038-8c2f979a9718', '1b2d005b-3b06-4c95-983a-1df55c33aaba', 50000, 'successful', 1, 'f096e7f2-135f-4682-a067-ea12c6cb96d3');
INSERT INTO public.contributions (circle_id, user_id, amount, status, cycle_number, reference) VALUES ('e7d8057b-ff5f-4928-9038-8c2f979a9718', '1bf36d0a-921c-4068-adf8-01d0dde318cd', 50000, 'successful', 1, '1a500914-0b7c-49f7-a9d8-3a72b15d5485');
INSERT INTO public.contributions (circle_id, user_id, amount, status, cycle_number, reference) VALUES ('e7d8057b-ff5f-4928-9038-8c2f979a9718', '236598f8-1503-400d-b0ac-de74b31e9df9', 50000, 'successful', 1, 'd9de1db0-8f0f-47e0-b83d-8a7fe36ea8f8');
INSERT INTO public.contributions (circle_id, user_id, amount, status, cycle_number, reference) VALUES ('e7d8057b-ff5f-4928-9038-8c2f979a9718', '33cb548e-3509-43f2-a454-a9b9732defb2', 50000, 'successful', 1, '4e517ec8-c8e3-4f3d-a36e-0b962100efbc');
INSERT INTO public.contributions (circle_id, user_id, amount, status, cycle_number, reference) VALUES ('e7d8057b-ff5f-4928-9038-8c2f979a9718', '559b8228-8cee-4b61-bc69-0ed1de0d4360', 50000, 'successful', 1, 'a1fe6730-c2eb-42d8-8a96-b7ba2fd5c6f4');
INSERT INTO public.contributions (circle_id, user_id, amount, status, cycle_number, reference) VALUES ('e7d8057b-ff5f-4928-9038-8c2f979a9718', 'ad39c244-2256-44b4-bac9-9230b3db2c5d', 50000, 'successful', 1, 'b4d5762e-96da-43d4-857e-2c63a6d92304');
INSERT INTO public.contributions (circle_id, user_id, amount, status, cycle_number, reference) VALUES ('e7d8057b-ff5f-4928-9038-8c2f979a9718', '82947ad2-399e-4c75-a493-dd528f76efff', 50000, 'successful', 1, 'bb13ee05-4a05-41d7-bab7-ac27e7ec0be9');
INSERT INTO public.contributions (circle_id, user_id, amount, status, cycle_number, reference) VALUES ('e7d8057b-ff5f-4928-9038-8c2f979a9718', 'f1af30b5-857b-4f8d-8377-6b8a3a9d5683', 50000, 'successful', 1, '306f98a8-2115-45e6-a1ee-5aaf0d28539f');
INSERT INTO public.contributions (circle_id, user_id, amount, status, cycle_number, reference) VALUES ('e7d8057b-ff5f-4928-9038-8c2f979a9718', '9ce3a1f6-f240-401f-858b-e3c222e310af', 50000, 'successful', 1, '15706a31-e264-4c13-ac8e-8c55dddf3447');
INSERT INTO public.contributions (circle_id, user_id, amount, status, cycle_number, reference) VALUES ('e7d8057b-ff5f-4928-9038-8c2f979a9718', 'c686c686-0182-4835-a923-3c00a1105b7e', 50000, 'successful', 1, 'bc466862-bc40-4cd5-9367-03082e84820c');
INSERT INTO public.contributions (circle_id, user_id, amount, status, cycle_number, reference) VALUES ('e7d8057b-ff5f-4928-9038-8c2f979a9718', '55f257b2-316d-476a-946a-978f1b58adbb', 50000, 'successful', 1, 'febd552f-f8e7-4401-b962-a0cdffccaa50');
INSERT INTO public.contributions (circle_id, user_id, amount, status, cycle_number, reference) VALUES ('e7d8057b-ff5f-4928-9038-8c2f979a9718', 'c60f0860-a4ec-4bf4-b64f-09edaf5d8629', 50000, 'successful', 1, 'e88bd1fe-b262-4ffd-b9b8-8f8cee4ce7e6');
INSERT INTO public.contributions (circle_id, user_id, amount, status, cycle_number, reference) VALUES ('e7d8057b-ff5f-4928-9038-8c2f979a9718', '9cbe9844-7add-43fc-a5b2-103f9f844638', 50000, 'successful', 1, 'd5806ae3-46dc-4cf2-ac34-2839eb13f911');
INSERT INTO public.contributions (circle_id, user_id, amount, status, cycle_number, reference) VALUES ('e7d8057b-ff5f-4928-9038-8c2f979a9718', '81a12cf3-d412-46ee-b10d-d2a68629458c', 50000, 'successful', 1, '5438b60a-5f22-4513-9d40-9d1c72e205a5');
INSERT INTO public.contributions (circle_id, user_id, amount, status, cycle_number, reference) VALUES ('e7d8057b-ff5f-4928-9038-8c2f979a9718', '325f5966-cc55-4ccc-9334-9456da5a20ee', 50000, 'successful', 1, 'be9d0fca-44f0-46cc-9ab9-288b6eafabf2');
INSERT INTO public.contributions (circle_id, user_id, amount, status, cycle_number, reference) VALUES ('e7d8057b-ff5f-4928-9038-8c2f979a9718', '9349dee4-62ed-4c59-ae57-f91c3e64ace5', 50000, 'successful', 1, 'ac457e0a-6d34-46c2-9180-387b90953ae2');
INSERT INTO public.contributions (circle_id, user_id, amount, status, cycle_number, reference) VALUES ('e7d8057b-ff5f-4928-9038-8c2f979a9718', '566f8602-9ec1-4843-803a-796334f61ab3', 50000, 'successful', 1, '622eb7aa-650c-4d88-bf58-4f303e4f666f');
INSERT INTO public.contributions (circle_id, user_id, amount, status, cycle_number, reference) VALUES ('e7d8057b-ff5f-4928-9038-8c2f979a9718', '429c3755-2f4c-4346-be50-8fe1b55c5337', 50000, 'successful', 1, 'f084aa66-d82e-4a29-a051-641b78446cd2');
INSERT INTO public.contributions (circle_id, user_id, amount, status, cycle_number, reference) VALUES ('e7d8057b-ff5f-4928-9038-8c2f979a9718', '2ca3ed42-9704-46f2-b69d-54ac74563e4c', 50000, 'successful', 1, '8b6cef6a-fcfa-4827-b24d-cb0ae126b2a2');
INSERT INTO public.disbursements (id, circle_id, recipient_id, amount, status, trigger_type, round_number) VALUES ('240077ed-585d-4b8a-9beb-c2a268981859', 'e7d8057b-ff5f-4928-9038-8c2f979a9718', 'b81c3d6a-58b4-4187-be45-7d3649e7b1d9', 1250000, 'successful', 'auto', 1);
INSERT INTO public.transactions (user_id, amount, type, status, reference, description) VALUES ('b81c3d6a-58b4-4187-be45-7d3649e7b1d9', 1250000, 'disbursement', 'successful', '240077ed-585d-4b8a-9beb-c2a268981859', 'Round 1 Payout from Dschang Alumni Njangi');

-- 6. Add some Pool contributions
INSERT INTO public.contributions (circle_id, user_id, amount, status, cycle_number, reference) VALUES ('7ba5289c-4df9-4aac-ac70-ef5935b1a157', '8f592348-1ac0-4a4b-84d7-3a55bf7c9f53', 25000, 'successful', 1, '14ea70ee-421c-4736-a16e-eb429712324a');
INSERT INTO public.contributions (circle_id, user_id, amount, status, cycle_number, reference) VALUES ('7ba5289c-4df9-4aac-ac70-ef5935b1a157', '8f592348-1ac0-4a4b-84d7-3a55bf7c9f53', 25000, 'successful', 2, '9f6e5c50-2264-474a-ae42-7f620584234a');
INSERT INTO public.contributions (circle_id, user_id, amount, status, cycle_number, reference) VALUES ('7ba5289c-4df9-4aac-ac70-ef5935b1a157', '911922d1-e1b0-4d2f-983f-a58dd5aaab58', 25000, 'successful', 1, '44901180-5edc-4178-b017-07876c12fd1a');
INSERT INTO public.contributions (circle_id, user_id, amount, status, cycle_number, reference) VALUES ('7ba5289c-4df9-4aac-ac70-ef5935b1a157', '911922d1-e1b0-4d2f-983f-a58dd5aaab58', 25000, 'successful', 2, '6bb9c303-f786-4f57-8577-5f97c4cc38d4');
INSERT INTO public.contributions (circle_id, user_id, amount, status, cycle_number, reference) VALUES ('7ba5289c-4df9-4aac-ac70-ef5935b1a157', 'f41ce660-a8da-4e2a-bd68-07cacfd418b3', 25000, 'successful', 1, 'be7a75dd-ca02-4f56-950c-754dcaff2f36');
INSERT INTO public.contributions (circle_id, user_id, amount, status, cycle_number, reference) VALUES ('7ba5289c-4df9-4aac-ac70-ef5935b1a157', 'f41ce660-a8da-4e2a-bd68-07cacfd418b3', 25000, 'successful', 2, '288f58e2-d8f1-4263-ad71-0915f705c0d9');
INSERT INTO public.contributions (circle_id, user_id, amount, status, cycle_number, reference) VALUES ('7ba5289c-4df9-4aac-ac70-ef5935b1a157', '7f4beb59-eba6-471c-8b49-8e53122d4fbf', 25000, 'successful', 1, 'c9d4a1f9-e54e-4b5f-94d5-7f502ca1dc83');
INSERT INTO public.contributions (circle_id, user_id, amount, status, cycle_number, reference) VALUES ('7ba5289c-4df9-4aac-ac70-ef5935b1a157', '7f4beb59-eba6-471c-8b49-8e53122d4fbf', 25000, 'successful', 2, 'e6c6d691-a508-4526-8366-2e9ab09940b7');

-- 7. Add Solo contributions
INSERT INTO public.contributions (circle_id, user_id, amount, status, cycle_number, reference) VALUES ('3e2fc9c1-c531-49a1-918c-025296e6cd80', '5a46f80d-62a5-46ee-a28e-288f07f3993e', 50000, 'successful', 1, 'effb7557-8c82-4844-8517-0ea7dcb01586');
